prompt_id,run_id,rel_path,model,created_at_utc,chars
A,A_001,synthesis_runs/A_001.md,qwen3.5:397b,2026-04-28T02:05:54.325649+00:00,6738
A,A_002,synthesis_runs/A_002.md,qwen3.5:397b,2026-04-28T02:07:13.974499+00:00,6727
A,A_003,synthesis_runs/A_003.md,qwen3.5:397b,2026-04-28T02:08:25.870911+00:00,6184
A,A_004,synthesis_runs/A_004.md,qwen3.5:397b,2026-04-28T02:09:44.395601+00:00,7215
A,A_005,synthesis_runs/A_005.md,qwen3.5:397b,2026-04-28T02:10:54.060874+00:00,5916
A,A_006,synthesis_runs/A_006.md,qwen3.5:397b,2026-04-28T02:11:56.715672+00:00,6586
A,A_007,synthesis_runs/A_007.md,qwen3.5:397b,2026-04-28T02:13:02.203763+00:00,7015
A,A_008,synthesis_runs/A_008.md,qwen3.5:397b,2026-04-28T02:14:19.725788+00:00,7047
A,A_009,synthesis_runs/A_009.md,qwen3.5:397b,2026-04-28T02:15:35.270182+00:00,6452
A,A_010,synthesis_runs/A_010.md,qwen3.5:397b,2026-04-28T02:16:42.412569+00:00,6534
B,B_001,synthesis_runs/B_001.md,qwen3.5:397b,2026-04-28T02:17:40.990870+00:00,1956
B,B_002,synthesis_runs/B_002.md,qwen3.5:397b,2026-04-28T02:19:00.131533+00:00,2238
B,B_003,synthesis_runs/B_003.md,qwen3.5:397b,2026-04-28T02:20:19.761414+00:00,2400
B,B_004,synthesis_runs/B_004.md,qwen3.5:397b,2026-04-28T02:21:28.917311+00:00,2253
B,B_005,synthesis_runs/B_005.md,qwen3.5:397b,2026-04-28T02:22:50.085012+00:00,2279
B,B_006,synthesis_runs/B_006.md,qwen3.5:397b,2026-04-28T02:23:46.703144+00:00,2349
B,B_007,synthesis_runs/B_007.md,qwen3.5:397b,2026-04-28T02:24:54.617000+00:00,1844
B,B_008,synthesis_runs/B_008.md,qwen3.5:397b,2026-04-28T02:26:17.080431+00:00,2112
B,B_009,synthesis_runs/B_009.md,qwen3.5:397b,2026-04-28T02:27:39.964596+00:00,2518
B,B_010,synthesis_runs/B_010.md,qwen3.5:397b,2026-04-28T02:28:56.855260+00:00,2257
C,C_001,synthesis_runs/C_001.md,qwen3.5:397b,2026-04-28T02:30:14.234053+00:00,4749
C,C_002,synthesis_runs/C_002.md,qwen3.5:397b,2026-04-28T02:31:19.777105+00:00,4494
C,C_003,synthesis_runs/C_003.md,qwen3.5:397b,2026-04-28T02:32:30.401061+00:00,3171
C,C_004,synthesis_runs/C_004.md,qwen3.5:397b,2026-04-28T02:33:24.141375+00:00,5124
C,C_005,synthesis_runs/C_005.md,qwen3.5:397b,2026-04-28T02:34:16.931858+00:00,4463
C,C_006,synthesis_runs/C_006.md,qwen3.5:397b,2026-04-28T02:35:15.673853+00:00,3480
C,C_007,synthesis_runs/C_007.md,qwen3.5:397b,2026-04-28T02:36:23.675253+00:00,3606
C,C_008,synthesis_runs/C_008.md,qwen3.5:397b,2026-04-28T02:37:16.875615+00:00,4339
C,C_009,synthesis_runs/C_009.md,qwen3.5:397b,2026-04-28T02:38:37.447280+00:00,4717
C,C_010,synthesis_runs/C_010.md,qwen3.5:397b,2026-04-28T02:39:49.800747+00:00,3505
